date,mean_temp,max_temp,min_temp,humidity,mean_wspeed,max_wspeed,wdegree,pressure,rainfall,radiation,radiation_balance,uva,uvb,no,no2,ozone,PM10,PM2_5
1/1/2016,5.3,6.1,4.1,92.3,0.9,1.9,68.8,988.3,0.63,20.3,-11.8,2.37,0.037,81,36,6,202,185
1/2/2016,5.5,6.9,4.7,87.8,1.0,1.7,33.9,977.6,3.93,14.0,-12.1,2.40,0.041,41,29,8,15,13
1/3/2016,6.1,8.2,3.7,79.8,1.6,2.8,118.9,970.7,0.84,32.9,-15.1,3.00,0.049,25,29,12,9,8
1/4/2016,5.4,8.0,2.7,79.8,2.4,3.7,237.8,957.7,7.75,38.8,-16.7,2.55,0.032,6,30,15,5,4
1/5/2016,5.8,8.1,3.4,78.2,2.2,3.9,216.7,960.2,1.97,38.8,-21.2,2.54,0.031,7,32,13,4,3
1/6/2016,5.6,6.8,4.5,76.6,1.9,3.1,222.4,964.2,0.00,24.5,-9.1,2.27,0.029,7,25,14,3,2
1/7/2016,5.4,7.6,3.3,79.2,2.1,4.2,236.4,963.2,2.84,25.0,-37.2,2.18,0.028,15,29,14,7,6
1/8/2016,6.1,8.7,3.0,72.8,1.4,2.7,249.2,969.6,0.04,46.0,-19.2,2.71,0.035,23,37,11,8,4
1/9/2016,6.8,9.3,5.3,83.7,0.9,1.7,227.9,967.2,0.00,15.7,-13.1,1.95,0.030,40,38,8,14,11
1/10/2016,7.0,8.9,5.1,78.7,2.7,4.3,223.9,962.3,0.35,18.2,-35.8,2.04,0.034,8,24,19,5,4
1/11/2016,6.0,7.6,3.3,80.3,2.9,5.7,239.8,957.2,5.59,20.4,-35.3,2.20,0.035,3,23,25,2,2
1/12/2016,5.6,7.4,4.1,75.7,3.3,4.8,210.4,963.9,0.74,24.6,-46.9,2.58,0.038,2,21,23,3,2
1/13/2016,4.3,6.0,2.9,76.5,3.9,6.4,222.0,977.4,0.68,34.9,-38.1,3.73,0.065,1,16,26,3,2
1/14/2016,3.1,6.1,0.8,68.0,2.5,3.5,232.6,975.1,0.23,62.0,-24.2,3.15,0.037,18,33,11,9,5
1/15/2016,1.4,3.1,0.6,83.7,3.1,5.2,307.5,974.0,2.11,11.7,-49.6,2.10,0.026,2,22,17,3,2
1/16/2016,1.7,2.9,0.9,76.7,2.7,4.5,270.2,983.8,0.37,33.5,-5.1,2.69,0.030,5,21,14,,
1/17/2016,-0.4,0.9,-1.4,78.6,2.3,3.7,331.3,986.3,1.76,36.9,-16.7,3.04,0.032,4,19,15,,
1/18/2016,-3.4,-1.1,-6.4,74.4,1.5,2.3,154.6,983.2,0.00,74.6,-32.7,3.81,0.037,18,33,8,22,15
1/19/2016,-3.5,-0.4,-6.8,73.3,1.3,2.4,347.6,978.9,0.00,36.2,-8.7,3.11,0.032,77,42,4,,
1/20/2016,-2.0,3.8,-6.9,75.2,1.2,2.5,40.6,982.4,0.00,78.7,-10.7,3.66,0.036,80,42,4,48,30
1/21/2016,0.4,3.2,-2.6,70.2,1.2,2.5,171.7,988.8,0.00,52.4,-16.6,3.32,0.040,65,46,5,35,25
1/22/2016,-1.4,2.3,-5.3,74.3,1.4,2.7,238.5,991.7,0.00,73.5,-20.3,3.77,0.047,43,41,5,35,29
1/23/2016,4.8,8.0,1.7,83.0,1.4,3.0,207.9,996.0,2.04,21.9,-7.7,2.77,0.047,50,41,6,16,12
1/24/2016,3.6,7.8,-0.4,80.9,0.9,2.2,334.9,997.1,0.00,34.8,1.3,3.57,0.060,66,43,6,23,18
1/25/2016,8.6,15.3,4.2,65.5,1.2,2.5,206.4,992.8,0.00,76.2,-6.5,3.74,0.061,106,50,6,26,14
1/26/2016,9.6,16.4,4.3,60.3,1.8,3.9,217.8,990.4,0.00,73.2,-12.0,3.57,0.054,94,50,6,32,13
1/27/2016,12.3,14.2,7.7,58.6,2.7,4.7,223.2,986.2,0.00,32.3,-2.2,2.25,0.036,7,31,16,16,6
1/28/2016,10.1,13.3,7.0,69.9,1.8,3.5,249.3,987.7,1.57,11.2,-32.8,1.65,0.027,19,36,14,13,6
1/29/2016,7.3,10.5,4.8,70.4,2.3,4.5,224.2,992.8,0.58,85.0,-11.3,3.52,0.050,12,33,16,7,4
1/30/2016,7.0,10.3,4.0,68.2,3.5,7.5,234.8,982.5,6.34,43.2,-19.8,2.80,0.045,9,26,22,5,3
1/31/2016,6.3,11.8,4.0,84.7,2.5,4.1,234.1,978.0,2.98,14.3,-20.5,2.81,0.055,20,29,15,2,2
2/1/2016,12.8,14.2,10.8,66.4,3.5,5.3,242.5,985.1,0.00,26.6,1.9,3.23,0.075,1,12,35,6,4
2/2/2016,11.2,12.7,7.9,61.8,2.9,4.0,271.0,984.1,0.61,35.5,2.2,3.23,0.071,1,17,31,9,8
2/3/2016,5.3,7.7,2.8,74.8,2.5,3.9,251.0,983.8,2.44,40.0,-26.9,2.70,0.038,3,24,22,14,12
2/4/2016,4.3,6.9,2.5,79.0,3.2,5.4,278.0,988.5,2.44,27.7,-20.6,2.49,0.038,5,24,18,10,7
2/5/2016,7.3,11.3,5.3,78.4,1.8,3.9,245.2,989.8,1.78,68.2,-0.6,3.66,0.060,22,34,13,11,7
2/6/2016,8.9,15.0,4.6,64.4,1.7,4.2,189.8,979.6,0.02,71.0,-12.3,3.82,0.064,44,38,11,14,9
2/7/2016,7.1,10.2,5.0,65.7,1.9,4.1,208.1,970.7,0.00,28.4,-12.5,2.65,0.043,33,31,16,12,9
2/8/2016,8.8,13.7,6.0,61.3,4.9,8.4,239.7,968.8,4.83,56.7,-17.8,3.58,0.062,0,10,38,9,7
2/9/2016,8.5,12.3,3.9,72.1,4.3,7.9,246.9,961.7,10.66,24.4,-39.9,2.60,0.046,1,14,34,4,2
2/10/2016,3.9,4.8,2.5,76.7,3.2,5.3,240.1,962.8,2.02,59.8,5.0,3.92,0.055,2,20,24,5,3
2/11/2016,4.6,6.7,3.2,64.3,2.8,4.5,227.9,970.3,0.04,48.7,3.2,3.28,0.049,8,25,18,8,5
2/12/2016,4.9,7.4,2.5,59.6,1.6,2.9,135.3,963.9,0.06,92.1,14.2,4.71,0.073,19,36,9,13,10
2/13/2016,6.0,8.5,4.3,77.1,2.1,7.3,215.0,954.6,1.87,36.7,-15.1,3.60,0.067,24,33,12,7,6
2/14/2016,6.6,8.2,4.8,82.6,1.8,4.3,232.6,954.5,2.74,27.6,-21.9,2.31,0.032,15,33,11,5,4
2/15/2016,4.3,5.4,2.9,84.4,2.0,3.1,330.0,974.6,0.77,18.8,-7.5,2.17,0.029,15,29,10,13,11
2/16/2016,2.7,3.5,1.4,76.7,2.3,3.2,24.2,993.6,0.05,16.1,-5.7,2.16,0.029,19,34,10,19,13
2/17/2016,2.3,3.3,1.0,75.9,1.7,2.7,232.0,983.2,0.06,16.3,-4.0,2.18,0.029,22,30,9,24,19
2/18/2016,5.3,8.9,2.2,65.3,1.5,3.0,204.4,979.3,0.02,92.9,18.4,4.37,0.064,29,33,8,22,18
2/19/2016,3.1,4.7,1.8,80.0,2.1,4.1,230.3,984.2,0.57,24.8,-20.5,2.63,0.039,18,34,10,15,13
2/20/2016,4.7,9.7,1.8,77.9,4.4,6.7,228.4,982.9,2.00,20.7,-27.8,2.54,0.042,3,22,22,6,5
2/21/2016,11.5,13.5,8.5,71.6,4.2,6.0,223.0,980.9,0.00,62.1,14.5,4.05,0.081,1,11,35,4,3
2/22/2016,12.0,15.0,8.1,58.1,2.8,5.8,235.8,975.9,0.00,112.3,14.0,4.64,0.084,7,22,39,38,10
2/23/2016,5.4,10.9,1.6,82.1,2.6,4.2,222.2,976.3,6.32,22.1,-23.4,3.00,0.055,4,31,52,8,5
2/24/2016,4.4,7.3,2.3,66.3,1.5,2.8,219.2,980.4,0.07,76.6,13.0,4.13,0.062,18,32,18,15,9
2/25/2016,3.0,5.7,1.7,73.0,1.6,2.7,210.6,976.1,1.79,56.0,-0.1,3.35,0.045,29,22,5,21,16
2/26/2016,2.5,5.7,-1.1,57.3,1.7,2.7,62.0,975.5,0.20,108.7,1.2,4.72,0.067,34,20,4,24,18
2/27/2016,3.2,9.3,-2.2,61.8,1.4,2.1,298.5,969.3,0.18,135.4,10.7,5.39,0.075,64,20,4,32,25
2/28/2016,3.6,5.8,1.6,64.1,2.5,4.5,25.7,973.0,0.11,57.6,3.6,3.48,0.057,21,15,5,33,29
2/29/2016,3.1,4.3,0.3,78.0,2.7,4.2,317.8,977.8,0.83,8.5,-13.2,2.06,0.036,8,13,5,44,37
3/1/2016,3.3,7.4,0.4,71.0,2.4,4.0,213.0,982.8,0.19,102.3,27.9,4.77,0.081,5,11,6,30,26
3/2/2016,5.1,9.2,2.9,80.5,4.0,5.7,222.5,969.3,3.12,41.5,-7.5,3.51,0.064,2,10,9,5,4
3/3/2016,3.8,5.8,2.0,74.5,2.6,4.7,267.6,967.0,0.18,76.9,11.8,4.46,0.071,5,12,7,6,4
3/4/2016,4.6,8.0,1.3,70.8,2.2,5.0,192.0,965.2,0.79,76.8,3.9,4.39,0.075,6,13,6,10,8
3/5/2016,5.7,6.9,4.0,80.1,1.8,3.7,252.6,959.7,0.00,31.2,-10.8,2.94,0.050,13,15,5,5,4
3/6/2016,4.1,6.2,2.0,70.0,2.9,4.9,209.7,965.4,1.18,91.0,30.2,4.88,0.076,8,9,10,7,6
3/7/2016,3.9,6.6,1.6,67.1,1.8,3.2,356.9,968.0,0.74,92.9,8.3,4.86,0.071,10,15,5,15,11
3/8/2016,2.7,5.8,0.8,76.3,1.3,2.1,219.2,977.8,0.13,81.0,21.1,4.46,0.069,13,16,5,24,19
3/9/2016,2.3,5.9,-0.5,72.5,1.9,3.8,204.5,974.0,0.14,131.2,22.6,5.94,0.098,19,18,4,32,28
3/10/2016,4.6,9.9,-1.3,64.4,1.5,2.4,46.9,979.1,0.13,167.2,39.3,7.64,0.146,37,20,4,47,39
3/11/2016,4.6,8.8,0.0,70.9,1.6,3.0,16.9,987.0,0.11,74.2,13.4,6.12,0.132,22,18,4,46,37
3/12/2016,6.1,9.2,3.5,57.5,2.4,3.3,22.2,989.6,0.00,110.2,42.4,6.63,0.143,19,16,5,29,25
3/13/2016,6.3,9.4,4.3,63.8,3.1,5.0,34.3,991.1,0.00,72.8,25.2,5.74,0.133,13,14,6,20,17
3/14/2016,5.8,9.8,2.2,55.2,2.7,4.3,216.2,990.9,0.04,157.7,37.8,8.56,0.178,9,17,5,22,17
3/15/2016,2.8,6.0,0.0,75.4,1.6,2.4,43.3,987.1,1.87,47.7,-7.8,4.02,0.072,30,20,4,28,24
3/16/2016,5.0,9.3,2.4,58.9,3.2,5.3,33.6,986.0,0.05,106.1,22.7,5.39,0.084,18,18,5,18,14
3/17/2016,6.2,13.2,0.1,58.5,1.5,2.6,210.0,987.6,0.13,184.9,44.4,6.79,0.106,30,20,4,26,20
3/18/2016,7.5,14.4,0.8,55.7,1.9,2.8,212.4,983.4,0.09,188.0,47.0,6.88,0.118,37,22,4,35,28
3/19/2016,4.0,5.5,1.3,77.3,1.4,2.1,340.8,983.5,0.06,38.3,-2.3,3.30,0.060,26,17,4,35,30
3/20/2016,6.1,9.4,4.3,59.6,1.7,3.4,18.5,982.1,0.00,163.0,72.4,6.31,0.103,13,12,5,25,22
3/21/2016,7.0,9.6,4.3,58.1,1.4,2.5,295.9,981.3,0.00,90.8,36.4,4.32,0.072,7,13,5,19,15
3/22/2016,8.0,10.9,5.8,52.8,1.5,2.6,5.5,976.8,0.00,119.0,44.2,5.77,0.107,11,16,5,24,19
3/23/2016,6.9,8.4,5.6,74.3,1.5,3.0,305.6,973.4,0.46,56.4,3.9,4.15,0.079,18,18,5,19,15
3/24/2016,7.3,10.0,4.8,59.0,1.6,2.7,224.6,978.3,0.00,74.2,22.0,4.98,0.099,14,17,5,21,17
3/25/2016,7.0,7.7,6.2,75.8,2.4,3.6,232.8,978.9,3.61,59.7,-12.0,4.55,0.089,3,11,9,9,8
3/26/2016,10.3,16.2,4.0,63.0,1.6,2.8,211.0,981.4,0.27,203.4,71.8,7.63,0.143,10,13,6,12,10
3/27/2016,9.5,11.8,7.0,60.3,1.7,3.4,226.9,976.3,0.00,62.4,-2.4,3.89,0.077,13,12,9,7,6
3/28/2016,9.5,16.2,4.2,62.4,3.1,6.4,229.7,971.3,3.87,143.1,42.1,6.03,0.106,3,8,14,4,0
3/29/2016,10.4,14.8,6.7,55.0,2.9,5.1,244.7,974.9,0.48,171.9,52.3,6.56,0.114,2,9,16,9,0
3/30/2016,10.9,13.4,9.1,79.3,1.7,2.7,61.8,975.9,2.40,58.5,0.1,3.96,0.082,15,17,5,11,7
3/31/2016,14.1,20.9,8.8,70.1,1.2,2.5,203.1,972.0,0.10,177.3,69.1,7.36,0.156,24,20,8,25,17
4/1/2016,7.9,12.6,5.7,80.2,1.8,2.8,106.1,979.4,0.00,52.6,18.9,3.47,0.063,6,15,21,14,10
4/2/2016,11.2,17.1,5.9,68.1,1.4,2.1,206.4,980.0,0.00,129.3,52.0,6.09,0.129,17,18,9,27,20
4/3/2016,15.1,20.5,9.5,64.5,1.4,2.8,212.2,975.3,0.00,175.1,82.6,6.49,0.139,17,18,10,32,22
4/4/2016,15.1,17.4,13.1,63.1,1.6,3.3,29.6,972.4,0.00,105.3,38.6,4.93,0.103,10,19,23,25,14
4/5/2016,13.1,17.7,9.9,73.3,1.6,3.2,236.5,972.0,3.43,99.8,17.6,4.79,0.099,8,18,28,16,9
4/6/2016,12.7,16.4,9.7,60.3,2.4,4.3,229.6,976.8,0.48,172.2,69.0,6.99,0.135,4,14,32,10,6
4/7/2016,9.6,11.2,6.9,56.4,2.3,3.5,226.2,975.7,0.36,76.2,2.9,4.19,0.079,3,14,39,10,6
4/8/2016,9.1,12.7,5.4,49.9,1.5,2.2,212.5,975.3,0.00,175.9,71.7,7.12,0.140,10,25,20,14,8
4/9/2016,8.8,11.7,6.0,55.5,1.5,2.8,107.3,972.3,0.03,84.1,21.8,4.25,0.084,9,24,20,18,13
4/10/2016,12.0,15.4,8.7,54.6,1.4,3.3,214.0,974.4,0.00,181.7,76.0,6.97,0.144,3,14,27,23,19
4/11/2016,12.6,19.0,5.3,55.3,1.6,2.6,47.2,974.8,0.00,236.7,89.0,8.41,0.169,13,21,17,30,22
4/12/2016,13.4,18.4,10.2,64.9,1.5,4.3,232.2,974.5,4.24,151.2,60.4,6.69,0.131,6,20,26,17,11
4/13/2016,11.5,14.3,8.7,77.9,1.8,3.8,211.3,972.2,1.33,99.1,18.5,4.78,0.088,5,15,31,7,4
4/14/2016,11.6,16.9,6.8,64.2,1.3,2.2,215.8,975.8,0.00,164.6,64.3,6.87,0.136,9,19,20,13,9
4/15/2016,12.1,16.0,9.2,64.4,2.5,5.0,213.1,971.9,2.55,124.7,46.1,5.57,0.109,5,17,32,7,5
4/16/2016,11.8,13.6,9.4,81.8,1.8,3.8,246.1,969.1,10.09,69.8,6.5,4.08,0.081,2,11,37,4,3
4/17/2016,8.8,11.0,6.9,82.8,1.8,2.7,222.6,973.8,10.19,75.3,12.1,5.23,0.110,1,7,44,5,4
4/18/2016,9.2,12.1,6.5,67.0,1.5,2.8,217.8,983.3,0.01,111.7,47.1,6.08,0.123,7,19,24,20,15
4/19/2016,10.4,14.3,4.3,49.0,1.8,3.0,204.6,988.7,0.02,247.9,111.6,9.14,0.190,9,19,27,21,11
4/20/2016,11.0,17.3,3.8,49.8,2.1,3.2,140.8,990.6,0.02,270.0,106.6,9.57,0.199,13,23,19,20,12
4/21/2016,13.6,22.0,4.3,42.7,1.8,2.6,206.9,985.4,0.02,268.4,101.7,10.63,0.249,17,30,13,24,14
4/22/2016,14.4,18.6,8.0,48.3,1.6,2.7,339.4,979.2,0.00,162.7,64.4,8.11,0.192,15,26,17,30,17
4/23/2016,9.3,13.9,4.7,76.7,1.9,3.5,247.7,973.7,2.39,43.9,-15.5,3.34,0.064,5,16,22,21,14
4/24/2016,4.8,7.7,2.9,67.0,2.2,4.1,231.3,976.8,1.26,163.3,61.6,7.37,0.128,1,5,42,10,8
4/25/2016,4.6,7.2,1.8,64.8,3.5,5.3,221.3,975.3,0.14,157.4,65.2,7.09,0.122,2,6,41,7,5
4/26/2016,5.0,7.3,1.6,69.9,3.3,5.5,233.9,967.7,4.25,99.1,26.2,5.29,0.092,2,8,47,5,3
4/27/2016,5.5,8.9,3.0,57.4,3.5,5.7,227.6,973.7,0.12,182.1,68.0,8.11,0.131,1,5,51,7,4
4/28/2016,5.8,10.5,2.3,67.4,1.6,3.3,209.5,978.9,2.95,146.7,50.9,7.15,0.130,5,17,29,11,8
4/29/2016,9.2,15.9,1.6,51.0,1.7,3.0,211.3,980.8,0.14,231.1,91.4,9.55,0.187,11,25,22,13,9
4/30/2016,10.9,17.6,3.9,56.8,2.0,3.1,311.3,978.6,0.48,212.9,88.6,8.54,0.166,9,22,23,17,12
5/1/2016,11.8,16.4,7.00,65.10,2.4,4.0,173.9,980.7,0.30,107.1,40.5,5.15,0.100,1,8,39,21,18
5/2/2016,13.7,19.0,7.60,50.20,1.6,3.2,211.0,984.9,0.00,267.7,120.6,9.81,0.200,6,22,29,22,16
5/3/2016,11.0,15.7,8.30,67.60,2.2,5.2,222.5,984.2,2.68,147.9,42.1,6.58,0.128,8,19,28,18,11
5/4/2016,11.2,15.8,5.10,50.90,1.7,2.9,212.6,990.1,0.00,279.2,123.2,10.20,0.212,7,19,23,16,10
5/5/2016,12.5,19.2,4.60,48.50,2.3,4.5,198.9,985.9,0.01,302.8,133.9,11.00,0.239,4,16,27,10,7
5/6/2016,16.6,25.1,7.90,50.40,1.7,2.8,211.5,979.0,0.00,293.0,128.5,10.49,0.244,5,20,25,16,12
5/7/2016,18.4,25.4,9.90,43.70,1.8,2.9,210.5,974.7,0.00,285.2,124.2,10.40,0.245,5,25,25,19,14
5/8/2016,18.8,25.4,11.00,41.80,2.0,3.7,116.9,974.5,0.00,301.4,131.6,11.64,0.278,3,17,37,13,9
5/9/2016,20.1,25.5,12.40,40.50,1.6,3.0,175.9,975.4,0.00,261.6,109.8,9.73,0.226,3,21,38,16,10
5/10/2016,16.7,19.9,14.20,69.40,1.3,2.2,210.2,973.8,1.54,99.6,1.4,4.77,0.105,10,30,20,22,16
5/11/2016,18.0,23.5,12.30,64.10,1.7,3.4,210.1,967.7,0.00,216.7,117.3,8.44,0.206,14,19,17,21,14
5/12/2016,15.0,17.4,13.80,80.60,1.8,3.8,313.3,962.0,0.78,45.6,-5.1,3.60,0.082,6,18,21,15,12
5/13/2016,14.2,16.4,13.20,85.20,1.7,3.2,237.3,963.8,2.99,55.1,0.3,3.48,0.078,4,15,32,20,16
5/14/2016,12.3,13.4,10.00,67.80,2.2,3.9,293.7,972.7,0.35,129.1,63.3,6.10,0.129,2,10,41,19,15
5/15/2016,9.2,10.9,6.50,45.10,2.8,4.2,234.8,982.5,0.00,166.7,70.0,7.42,0.142,1,4,54,9,6
5/16/2016,8.4,10.0,6.50,73.00,2.1,4.5,227.1,983.7,2.81,84.3,15.5,4.77,0.088,1,5,48,8,6
5/17/2016,11.2,15.6,7.50,56.40,1.4,3.4,207.6,982.5,0.00,167.9,80.4,7.08,0.140,4,13,33,16,10
5/18/2016,15.2,20.8,8.70,47.60,1.4,3.7,226.6,976.1,0.00,201.9,106.1,8.38,0.186,3,18,31,13,9
5/19/2016,13.3,16.3,10.90,64.10,2.0,4.4,225.4,975.7,1.07,148.0,66.3,6.55,0.133,2,10,37,8,5
5/20/2016,14.9,20.2,8.50,55.20,1.8,3.1,213.6,983.6,0.02,251.4,116.5,9.75,0.219,3,12,29,9,7
5/21/2016,18.3,27.1,9.80,53.10,1.8,3.5,213.3,981.1,0.00,299.6,150.0,11.57,0.286,4,15,31,11,10
5/22/2016,20.2,27.7,13.60,52.00,1.9,3.4,260.4,974.3,0.00,262.5,131.5,10.69,0.274,2,13,33,14,13
5/23/2016,12.8,15.7,11.50,78.50,2.2,3.9,278.4,976.3,4.75,65.5,-5.3,4.15,0.089,2,6,44,4,3
5/24/2016,11.2,12.3,10.60,85.90,2.1,3.0,324.8,978.3,2.00,49.3,3.9,3.48,0.070,2,7,34,7,6
5/25/2016,14.2,19.4,10.80,68.60,1.4,3.2,19.9,978.4,0.00,193.6,112.8,8.42,0.194,5,13,20,15,13
5/26/2016,18.4,24.6,10.10,57.50,1.6,2.6,210.0,978.7,0.00,302.1,154.5,11.32,0.278,5,13,46,16,13
5/27/2016,19.8,25.7,15.70,68.10,1.2,2.4,212.5,977.5,5.11,194.6,97.4,8.40,0.206,6,24,38,22,15
5/28/2016,19.4,23.6,15.50,73.90,1.4,2.8,217.0,975.6,1.27,166.7,76.1,7.39,0.173,3,14,25,19,14
5/29/2016,18.0,21.9,15.40,81.90,1.6,4.0,234.9,969.9,21.04,102.2,41.6,6.27,0.159,2,9,24,13,10
5/30/2016,16.9,19.9,14.60,70.30,3.6,5.6,223.8,969.1,5.34,182.2,89.0,9.20,0.219,1,5,38,5,0
5/31/2016,17.8,22.2,11.70,54.80,2.1,3.3,243.4,974.2,0.00,234.8,106.3,9.34,0.227,3,10,44,7,0
6/1/2016,17.4,19.9,13.9,60.6,1.9,2.9,217.1,977.1,0.7,166.6,66.0,7.16,0.166,1,7,38,9,5
6/2/2016,17.3,20.4,14.4,69.1,1.8,3.7,179.3,974.4,3.8,174.5,105.6,7.93,0.198,3,9,34,8,5
6/3/2016,18.0,21.7,15.4,72.7,1.4,2.9,224.6,974.6,0.0,161.8,86.8,7.18,0.175,5,15,18,13,8
6/4/2016,17.9,21.6,15.5,77.2,1.3,2.8,216.8,975.9,0.2,133.2,63.2,6.23,0.156,5,14,23,11,8
6/5/2016,17.8,22.4,14.7,82.7,1.2,1.9,207.9,980.0,3.9,120.7,46.1,5.92,0.142,5,11,20,11,8
6/6/2016,20.5,28.1,14.0,63.0,1.5,2.6,210.3,982.4,0.0,272.6,164.1,10.68,0.273,11,19,17,20,15
6/7/2016,21.9,27.6,14.9,53.1,1.9,3.9,238.4,983.9,0.0,257.7,130.7,10.11,0.260,8,19,35,20,14
6/8/2016,17.7,21.1,15.4,80.3,1.6,3.8,229.5,982.3,7.2,103.1,27.2,5.19,0.123,3,15,37,14,10
6/9/2016,17.4,21.7,14.1,64.5,1.8,3.2,216.5,980.5,,231.5,130.4,9.51,0.221,2,10,25,19,13
6/10/2016,18.4,23.2,11.4,53.2,1.9,2.9,216.0,976.5,,299.2,153.3,11.81,0.305,7,22,23,23,15
6/11/2016,17.3,20.6,15.2,72.8,1.3,2.7,246.0,974.2,,104.5,31.9,5.88,0.141,2,15,34,16,12
6/12/2016,16.4,19.7,14.9,81.7,2.2,3.9,230.2,973.5,,131.2,42.3,6.32,0.149,1,4,34,7,5
6/13/2016,16.9,20.1,14.6,70.9,2.5,4.1,253.5,968.7,,171.9,85.6,7.63,0.178,3,6,19,6,4
6/14/2016,15.9,19.6,13.8,75.7,2.0,3.3,236.7,966.4,,146.6,42.8,6.88,0.155,3,6,17,9,6
6/15/2016,15.7,19.9,12.5,67.3,2.5,4.8,213.5,966.3,,179.7,67.4,8.49,0.190,5,8,24,7,4
6/16/2016,14.6,18.0,11.6,82.5,1.4,2.5,203.1,967.2,2.2,79.4,9.5,4.93,0.111,17,18,15,14,9
6/17/2016,15.7,18.8,13.2,68.9,2.8,5.3,227.4,972.7,2.3,182.7,83.2,7.91,0.182,3,7,,7,6
6/18/2016,16.6,21.2,13.4,64.0,2.0,3.0,217.2,980.9,3.6,220.5,101.6,8.91,0.197,3,9,,5,
6/19/2016,16.0,19.1,13.2,64.5,2.1,3.5,222.2,986.2,0.0,241.9,138.8,9.62,0.219,2,6,,7,5
6/20/2016,17.8,23.7,10.5,56.4,1.7,2.8,248.4,985.3,0.4,276.8,130.8,10.52,0.274,4,10,,9,6
6/21/2016,19.2,24.3,14.1,69.1,1.6,3.2,320.1,985.1,0.7,145.8,78.9,6.46,0.181,5,10,,11,7
6/22/2016,23.8,29.9,18.2,60.3,1.3,2.5,218.4,986.9,0.0,285.0,174.7,10.88,0.316,6,13,,10,7
6/23/2016,27.3,34.9,17.6,50.3,1.7,2.9,143.7,983.6,0.0,326.6,166.2,11.89,0.374,6,17,,,
6/24/2016,28.0,34.5,20.5,50.5,1.9,5.9,148.8,980.1,0.9,303.5,158.0,11.13,0.345,2,17,,21,15
6/25/2016,20.5,26.4,17.6,75.1,1.9,7.5,323.7,978.4,8.2,164.8,75.5,7.18,0.203,1,7,,10,7
6/26/2016,18.4,21.8,13.8,59.1,1.6,3.0,224.8,982.5,0.0,204.6,91.8,8.17,0.206,1,4,,12,9
6/27/2016,18.6,22.5,13.0,53.6,1.7,2.7,260.1,984.4,0.0,236.7,114.7,9.07,0.228,2,6,,9,6
6/28/2016,20.4,24.5,16.5,62.7,1.6,4.2,221.5,981.6,0.0,212.8,110.5,8.49,0.233,4,11,,11,7
6/29/2016,21.5,25.7,18.0,58.9,2.2,4.6,220.1,978.2,0.0,230.0,116.5,9.22,0.245,3,9,,10,6
6/30/2016,20.6,25.3,16.8,65.8,1.9,3.4,221.4,979.0,0.8,194.8,100.6,8.23,0.215,5,11,,12,8
7/1/2016,22.8,27.9,18.5,56.5,2.1,4.0,217.2,980.3,0.0,256.4,140.7,9.92,0.269,3,9,,10.9,7.2
7/2/2016,18.3,20.9,14.6,70.6,2.5,3.9,227.5,980.4,4.5,104.0,21.5,5.06,0.118,2,6,,9.7,7.1
7/3/2016,16.9,20.4,12.6,58.1,1.6,3.1,191.0,985.4,0.0,120.2,46.2,5.48,0.138,2,6,,8.7,4.7
7/4/2016,20.9,26.0,15.8,51.7,1.1,2.4,239.7,984.4,0.0,291.9,182.1,10.80,0.288,4,12,,15.6,9.4
7/5/2016,20.9,24.4,15.9,57.2,2.5,4.4,234.0,981.2,0.0,268.7,134.9,10.30,0.270,4,10,,11.8,7.3
7/6/2016,19.1,22.3,15.5,48.8,2.1,3.6,218.8,984.2,0.0,288.9,141.8,10.92,0.272,1,7,,10.1,5.6
7/7/2016,20.2,26.2,12.9,49.6,1.6,2.7,212.4,984.5,0.0,301.4,137.1,11.14,0.289,4,20,,18.2,11.3
7/8/2016,23.1,28.5,14.6,48.1,2.0,3.8,228.4,981.4,0.0,298.4,156.8,11.39,0.301,3,17,,20.4,12.7
7/9/2016,24.0,27.1,20.4,45.4,2.2,3.4,220.5,983.4,0.0,297.1,160.7,11.66,0.321,1,8,,12.7,7.7
7/10/2016,25.8,33.6,17.5,51.5,1.7,3.0,225.8,978.5,0.0,310.8,156.0,11.80,0.339,3,10,,11.6,8.2
7/11/2016,25.0,30.2,21.8,56.9,2.3,3.5,253.9,976.5,8.1,210.0,98.2,8.73,0.230,2,8,,16.3,10.4
7/12/2016,20.2,21.8,16.6,65.8,1.6,3.0,250.3,977.9,2.4,72.3,19.3,4.87,0.122,3,7,,14.2,7.0
7/13/2016,16.5,18.9,14.3,73.2,1.9,3.9,235.3,978.3,4.4,152.5,47.4,7.25,0.166,2,5,,7.1,4.9
7/14/2016,15.4,19.0,13.0,58.9,2.6,4.1,240.3,982.5,0.0,213.1,121.6,8.93,0.200,1,4,,9.9,7.2
7/15/2016,15.8,19.2,11.8,54.9,1.9,3.3,225.7,989.1,0.0,186.6,80.0,7.96,0.177,3,9,,10.9,6.3
7/16/2016,18.3,24.2,10.8,52.8,1.6,2.5,215.8,989.2,0.0,270.8,133.5,10.62,0.273,4,13,,13.8,9.5
7/17/2016,22.4,27.3,17.0,55.6,1.7,2.7,215.7,986.1,0.0,263.2,138.1,10.34,0.279,2,9,,12.9,9.0
7/18/2016,23.6,29.1,17.7,57.6,1.6,2.7,213.6,985.3,0.0,235.9,127.1,9.68,0.270,8,15,,20.7,13.8
7/19/2016,25.1,31.5,17.1,50.5,1.6,2.4,217.3,984.1,0.0,305.7,150.3,12.18,0.357,8,24,,,
7/20/2016,27.6,34.7,18.8,45.6,1.6,2.7,217.6,979.7,0.0,300.2,148.4,11.99,0.355,6,21,,,
7/21/2016,22.5,25.6,19.2,71.0,1.9,4.0,201.3,979.9,12.0,197.5,97.0,9.52,0.240,3,15,,20.6,13.4
7/22/2016,22.4,28.7,17.3,67.8,1.6,4.9,271.8,979.4,5.5,214.9,108.7,9.34,0.251,6,14,,18.2,11.8
7/23/2016,21.4,26.1,18.2,74.8,1.4,2.4,222.2,981.1,0.4,155.4,82.6,6.82,0.170,2,10,,13.6,9.3
7/24/2016,22.8,26.9,18.8,69.0,1.4,2.5,232.2,982.6,0.0,168.7,92.8,7.66,0.204,2,7,,14.2,10.7
7/25/2016,24.1,27.9,19.6,61.0,1.8,3.3,219.8,982.7,0.0,240.4,129.0,10.12,0.273,4,12,,23.3,17.4
7/26/2016,24.2,29.3,19.2,60.0,1.7,2.8,255.8,982.8,0.0,222.5,115.6,9.64,0.247,4,15,,22.6,15.7
7/27/2016,22.7,26.6,19.1,58.1,2.0,4.0,222.9,981.6,0.0,239.5,115.5,9.58,0.242,3,9,,14.8,8.7
7/28/2016,21.5,25.6,17.9,63.4,1.3,3.3,232.9,981.1,2.8,177.6,78.3,7.54,0.185,6,16,,19.2,11.0
7/29/2016,22.4,26.4,17.8,60.4,2.1,4.0,220.5,979.3,0.1,208.0,102.0,9.05,0.237,3,6,,8.5,5.2
7/30/2016,23.9,29.9,17.6,57.1,1.7,2.6,211.8,977.8,0.0,256.6,130.9,10.21,0.273,4,10,,14.5,9.5
7/31/2016,21.2,23.8,18.4,64.4,2.0,4.0,267.5,977.6,0.9,139.1,49.7,6.33,0.158,2,6,,11.3,8.0
8/1/2016,19.9,24.6,14.0,49.5,1.5,2.7,212.6,983.2,0.0,239.0,109.9,9.25,0.228,4,12,,11.3,6.8
8/2/2016,19.2,22.7,16.4,60.5,2.4,3.9,218.1,981.9,0.0,62.5,18.1,3.84,0.099,3,13,,11.5,7.3
8/3/2016,22.0,28.5,17.7,60.5,2.2,5.5,205.8,979.7,0.0,183.5,98.2,7.63,0.206,4,10,,10.2,4.9
8/4/2016,21.1,29.0,15.8,63.4,1.9,5.7,305.3,977.2,12.5,178.0,71.6,7.28,0.195,3,11,,14.4,6.5
8/5/2016,17.0,21.3,14.2,78.3,1.7,5.3,219.0,982.3,2.6,130.4,47.5,5.98,0.139,4,7,,10.7,
8/6/2016,18.4,24.3,13.2,63.2,1.8,4.5,209.9,989.7,0.0,186.0,80.7,7.78,0.193,4,9,22,10.4,6.6
8/7/2016,20.8,28.6,13.5,55.9,1.4,4.4,212.5,991.0,0.0,279.4,129.5,10.54,0.275,3,12,22,12.3,7.9
8/8/2016,22.0,29.1,15.5,55.7,2.1,5.6,234.4,984.9,0.0,238.5,111.3,9.26,0.243,3,9,15,15.2,9.0
8/9/2016,18.1,22.7,15.2,60.6,1.6,5.1,223.1,984.2,1.8,142.0,47.1,6.35,0.160,2,9,18,10.8,5.3
8/10/2016,15.6,19.8,13.3,55.8,2.1,7.3,318.9,984.4,0.0,211.4,109.0,8.51,0.193,1,5,18,12.9,6.5
8/11/2016,15.3,21.3,9.3,56.4,1.6,4.7,240.0,987.6,0.1,216.4,91.7,8.28,0.182,5,9,16,10.0,6.3
8/12/2016,16.9,23.0,13.5,75.1,1.5,4.7,206.9,989.1,1.4,77.8,-9.1,4.46,0.109,4,9,14,9.8,5.9
8/13/2016,21.5,29.3,14.0,59.4,1.5,4.6,213.3,987.6,0.0,251.9,121.4,9.87,0.255,5,9,10,12.6,8.1
8/14/2016,22.4,29.4,15.6,57.2,1.8,6.1,212.9,985.6,0.0,243.9,111.8,9.30,0.241,2,10,15,16.8,11.2
8/15/2016,22.8,30.1,15.7,54.4,1.7,6.1,194.4,984.0,0.0,256.9,117.6,9.57,0.235,8,17,12,18.9,12.1
8/16/2016,22.5,29.2,16.2,54.3,1.5,3.8,322.4,979.9,0.0,257.7,110.8,9.50,0.243,7,15,15,21.8,12.6
8/17/2016,20.9,28.3,15.6,50.7,1.2,3.3,204.2,976.7,0.0,202.1,80.5,8.23,0.211,6,16,18,20.5,12.0
8/18/2016,20.0,26.8,14.6,60.7,1.3,6.3,219.3,974.2,7.5,160.6,63.8,6.64,0.167,7,17,16,23.0,13.3
8/19/2016,21.3,27.0,15.6,64.6,1.1,3.2,221.4,975.5,2.3,176.1,58.9,8.31,0.214,4,11,17,13.9,9.8
8/20/2016,19.4,25.2,15.3,71.2,1.4,3.5,245.1,978.8,4.4,94.3,15.1,6.83,0.177,2,8,15,9.5,5.9
8/21/2016,17.8,23.5,14.1,57.1,2.6,7.3,240.0,984.6,0.0,227.1,107.3,9.49,0.213,1,3,16,5.3,3.0
8/22/2016,18.2,24.8,13.3,58.3,1.8,4.8,211.6,991.3,0.0,186.6,86.4,7.71,0.196,2,7,16,9.2,4.6
8/23/2016,21.8,30.2,14.0,57.2,1.4,4.3,164.4,990.6,0.0,254.9,113.4,9.81,0.263,8,13,9,10.7,7.0
8/24/2016,23.7,31.9,15.5,53.4,1.9,5.5,207.7,986.4,0.0,252.7,103.3,9.86,0.272,7,14,11,9.3,5.0
8/25/2016,24.5,34.0,15.7,52.5,1.7,3.7,208.6,982.0,0.0,251.9,99.1,9.67,0.265,6,17,14,,
8/26/2016,26.4,35.2,19.1,53.3,1.6,5.7,210.2,981.4,0.0,241.8,101.7,9.53,0.259,6,23,16,,
8/27/2016,27.3,36.5,18.9,51.6,1.7,4.2,191.2,981.2,0.0,238.8,95.4,11.07,0.302,3,18,18,,
8/28/2016,26.6,35.1,20.9,52.1,1.6,5.8,292.0,979.9,10.2,198.8,78.5,8.60,0.224,1,11,26,,
8/29/2016,22.8,27.4,19.5,54.0,2.0,7.1,308.2,983.0,0.0,165.0,67.7,7.05,0.176,3,9,18,,
8/30/2016,21.2,26.8,16.8,58.1,1.7,4.0,215.9,986.6,0.0,222.1,85.2,8.84,0.223,7,15,11,,
8/31/2016,21.9,29.6,15.4,59.1,1.5,3.4,212.2,984.2,0.0,228.9,91.0,8.61,0.219,6,15,16,,
9/1/2016,22.3,28.3,17.5,55.9,1.9,5.1,217.0,985.7,0.00,207.9,79.5,8.13,0.199,4.0,29.2,42.2,,
9/2/2016,21.3,29.1,15.3,55.8,1.8,4.1,215.5,984.8,0.00,201.0,72.9,8.12,0.207,6.9,28.4,30.7,,
9/3/2016,21.7,28.1,15.9,56.1,1.6,3.4,212.5,982.8,0.00,159.1,60.5,6.64,0.171,3.8,32.8,33.1,,
9/4/2016,19.8,25.3,16.8,67.2,2.3,6.8,234.1,979.6,5.07,78.0,-12.7,4.21,0.101,1.1,16.8,43.9,,
9/5/2016,17.9,21.2,15.4,67.6,2.1,5.7,224.8,983.9,1.52,102.9,35.9,5.24,0.125,1.7,11.4,30.9,,
9/6/2016,18.9,26.0,12.8,62.6,1.7,3.6,208.2,989.0,0.00,201.2,73.8,7.86,0.192,10.1,26.7,17.1,,
9/7/2016,18.9,26.0,13.4,62.8,1.7,5.6,212.4,983.7,0.00,204.7,68.3,8.08,0.198,8.1,25.0,18.7,,
9/8/2016,22.5,31.8,14.7,56.0,1.6,3.9,213.0,977.8,0.00,213.1,77.4,8.13,0.206,7.3,36.5,24.1,,
9/9/2016,22.3,28.9,16.8,58.7,1.5,4.2,210.8,980.7,0.00,202.8,69.9,7.52,0.185,5.0,40.9,36.6,,
9/10/2016,22.6,31.1,15.7,57.7,1.7,3.8,210.9,980.0,0.00,192.5,64.9,7.26,0.179,5.0,40.2,32.3,,
9/11/2016,23.0,30.5,16.8,54.4,1.6,4.2,209.7,981.4,0.00,193.2,66.6,7.23,0.175,1.6,31.5,42.8,,
9/12/2016,23.8,32.1,17.1,57.4,1.5,3.5,207.3,980.9,0.00,197.3,69.2,7.43,0.179,7.7,42.9,31.2,,
9/13/2016,24.9,33.7,18.2,52.9,1.6,3.5,206.5,978.7,0.00,197.7,64.0,7.55,0.185,8.6,41.1,26.7,,
9/14/2016,23.7,31.9,16.8,54.1,1.7,4.0,211.6,976.5,0.00,195.7,56.4,7.49,0.179,8.9,43.6,27.1,,
9/15/2016,21.0,28.6,16.9,63.5,1.7,5.7,235.3,975.1,0.00,143.2,42.0,6.05,0.144,4.8,26.7,38.7,,
9/16/2016,18.0,23.0,15.1,67.0,1.6,6.4,222.4,978.7,0.00,123.5,38.9,5.66,0.128,7.0,20.6,30.5,,
9/17/2016,17.3,,14.4,68.1,2.1,6.4,242.0,978.1,2.45,136.5,50.2,6.05,0.135,2.3,15.6,32.8,,
9/18/2016,15.3,16.6,14.4,90.9,1.6,4.1,332.4,976.3,16.42,21.8,-17.1,2.69,0.064,2.8,15.1,24.6,,
9/19/2016,15.4,17.6,13.9,73.5,1.8,4.4,353.9,980.8,0.03,56.0,16.3,4.62,0.111,3.3,17.2,22.8,,
9/20/2016,15.2,18.5,13.4,73.1,1.3,3.5,200.2,981.7,0.00,69.8,21.4,4.06,0.092,10.1,21.8,11.2,,
9/21/2016,13.8,20.1,9.4,64.8,1.6,3.9,210.0,982.5,0.00,134.2,33.5,5.73,0.125,16.7,26.2,11.1,,
9/22/2016,14.2,22.1,7.9,61.8,1.6,4.1,209.1,985.0,0.00,181.3,49.0,7.03,0.151,19.8,31.7,11.5,,
9/23/2016,15.2,22.1,10.0,63.1,1.7,3.9,207.8,988.2,0.00,153.6,38.2,6.19,0.133,17.5,33.1,16.6,,
9/24/2016,15.8,24.4,9.2,62.6,1.6,4.0,207.4,988.5,0.00,180.2,44.1,7.09,0.151,12.8,35.2,15.7,,
9/25/2016,17.6,26.5,10.7,62.8,1.3,3.8,208.1,984.2,0.00,175.9,47.6,6.65,0.146,6.6,31.4,17.8,,
9/26/2016,16.1,19.0,14.8,80.7,1.2,3.0,210.2,985.5,1.56,53.1,13.5,3.17,0.070,7.8,25.9,16.5,,
9/27/2016,16.1,21.7,13.3,79.1,1.2,4.1,212.8,989.0,7.99,111.1,29.4,5.13,0.107,10.2,28.9,14.1,,
9/28/2016,16.9,24.2,11.8,68.9,1.8,4.5,215.7,991.7,0.00,153.3,46.8,7.24,0.170,13.4,24.5,15.1,,
9/29/2016,19.2,26.7,13.9,53.2,2.4,6.6,218.5,985.6,0.00,169.4,43.0,8.53,0.213,6.0,25.1,24.2,,
9/30/2016,19.1,24.6,16.0,54.1,2.6,7.1,210.3,979.5,0.00,99.2,21.3,5.50,0.136,3.2,24.1,38.1,,
10/1/2016,16.8,20.9,14.2,71.0,1.9,7.5,224.1,975.8,0.05,42.2,-16.7,2.86,0.063,4.4,20.4,28.2,,
10/2/2016,14.6,18.6,11.9,62.1,2.3,5.6,237.1,979.0,0.15,95.1,6.6,4.96,0.104,1.4,10.9,31.4,,
10/3/2016,12.4,15.8,10.5,70.4,2.0,5.3,212.8,988.0,1.47,84.3,-0.7,4.71,0.090,0.7,8.5,36.9,,
10/4/2016,11.1,14.2,8.7,79.7,1.7,5.1,58.7,992.8,0.00,60.2,14.6,3.66,0.071,9.6,20.4,13.5,,
10/5/2016,9.8,13.4,6.8,57.1,2.5,9.6,201.8,991.6,0.00,137.1,19.5,5.87,0.105,11.0,22.6,18.1,,
10/6/2016,8.6,11.0,5.6,76.0,1.7,3.6,25.0,984.0,0.00,28.2,1.8,2.54,0.046,10.1,21.4,13.9,,
10/7/2016,11.1,13.8,9.6,72.2,1.7,3.8,77.8,981.4,0.02,54.1,16.9,3.40,0.063,9.0,16.0,10.8,,
10/8/2016,10.0,12.4,8.6,77.4,1.2,3.0,31.8,984.2,0.96,44.6,-1.6,3.21,0.061,13.0,16.8,4.3,,
10/9/2016,9.1,13.4,7.1,77.8,1.2,4.1,202.2,986.7,0.00,81.6,-3.5,4.24,0.074,,,9.7,,
10/10/2016,8.7,12.8,5.9,73.1,1.3,3.5,28.4,986.0,0.00,92.3,25.2,4.85,0.089,,,7.2,,
10/11/2016,8.8,12.8,6.1,69.2,1.6,4.9,4.5,981.9,0.00,85.2,17.4,5.56,0.113,,,8.4,,
10/12/2016,9.1,13.7,5.8,64.2,1.3,4.5,207.2,981.0,0.00,122.7,20.9,6.34,0.122,,,9.9,,
10/13/2016,7.6,12.4,4.0,71.3,1.6,6.8,213.2,977.6,0.06,105.7,2.9,4.76,0.082,,,6.3,,
10/14/2016,9.4,15.3,5.6,76.4,1.2,3.0,211.1,971.1,0.00,60.7,0.7,3.34,0.063,,,3.5,,
10/15/2016,13.0,20.1,9.4,73.7,1.7,4.5,205.0,976.9,0.00,71.6,5.6,3.93,0.079,,,6.1,,
10/16/2016,12.9,21.5,6.8,71.8,1.3,3.6,200.4,984.6,0.00,133.6,12.9,5.60,0.111,,,7.0,,
10/17/2016,13.4,18.8,10.3,79.9,1.1,3.0,228.8,986.2,4.40,69.7,10.6,3.70,0.078,,,4.5,,
10/18/2016,12.9,15.8,11.3,83.0,1.3,4.3,232.1,985.9,4.87,43.3,-2.4,2.96,0.059,,,15.8,,
10/19/2016,10.6,13.5,8.7,66.4,2.5,6.9,227.6,981.8,1.16,77.5,-10.1,4.11,0.071,,,34.4,,
10/20/2016,9.5,12.1,8.1,73.5,2.8,6.3,223.4,977.6,2.44,64.1,7.8,3.93,0.069,,,28.7,,
10/21/2016,8.0,11.1,6.3,74.4,1.6,3.3,229.2,978.4,5.37,56.4,8.0,3.50,0.058,,,20.6,,
10/22/2016,8.7,11.7,6.1,69.7,1.6,3.5,206.1,978.1,0.00,45.9,-1.4,3.34,0.059,,,19.2,,
10/23/2016,7.9,13.1,3.3,76.6,1.2,3.8,62.0,975.9,0.54,60.9,5.0,3.75,0.066,,,4.6,,
10/24/2016,13.8,18.4,10.2,84.4,1.1,3.0,163.8,976.7,7.33,42.9,-4.8,3.32,0.070,,,3.0,,
10/25/2016,14.0,15.5,12.5,81.9,1.5,3.6,328.8,984.8,7.99,40.6,3.5,2.99,0.061,,,14.9,,
10/26/2016,12.4,14.8,9.2,76.1,1.2,2.8,223.3,990.8,0.00,40.2,6.1,2.84,0.055,,,6.7,,
10/27/2016,10.2,15.7,7.1,73.4,1.4,3.0,209.8,996.6,0.00,103.3,4.6,4.28,0.079,,,4.1,,
10/28/2016,9.3,15.1,5.3,77.1,1.4,3.0,212.6,997.4,0.00,94.7,0.6,4.20,0.078,,,5.7,,
10/29/2016,10.3,15.7,7.3,79.8,1.5,3.5,208.5,996.7,0.00,57.3,0.4,3.26,0.064,,,7.1,,
10/30/2016,8.6,15.2,5.0,80.6,1.2,2.8,212.2,993.5,0.00,87.3,-1.0,4.09,0.073,,,4.1,,
10/31/2016,8.7,15.4,4.4,72.8,1.5,3.4,206.9,991.1,0.00,102.4,-7.4,4.36,0.072,,,3.8,,
11/1/2016,9.0,15.8,4.4,75.4,1.2,3.3,216.3,984.8,0.00,93.5,-4.9,4.19,0.070,,,3,,
11/2/2016,8.5,10.9,5.2,79.5,1.6,4.1,218.8,982.5,1.63,39.9,-20.7,2.90,0.049,,,17,,
11/3/2016,6.3,10.6,2.5,73.5,1.3,2.9,209.8,985.3,0.07,64.9,-12.9,3.63,0.056,,,6,,
11/4/2016,6.2,12.1,1.3,69.9,1.1,2.6,232.6,978.5,0.16,69.8,-1.3,3.83,0.061,,,4,,
11/5/2016,9.5,13.9,7.6,85.0,1.3,4.7,310.6,966.5,3.56,23.3,-14.5,2.50,0.047,,,11,,
11/6/2016,5.7,8.2,1.5,80.7,1.8,4.3,226.0,966.4,0.55,30.9,-25.4,2.69,0.041,,,20,,
11/7/2016,3.5,8.6,0.8,73.1,1.6,4.7,239.7,971.1,0.32,70.6,-15.9,3.64,0.049,,,12,,
11/8/2016,2.3,5.1,-0.2,80.4,1.6,4.6,226.4,973.5,0.47,35.7,-21.6,3.01,0.041,,,9,,
11/9/2016,4.1,7.3,2.1,72.8,2.3,6.5,225.4,969.3,1.84,42.2,-2.8,3.10,0.049,,,17,,
11/10/2016,6.5,9.1,5.0,79.0,2.7,6.7,216.5,971.2,3.22,42.4,-28.8,3.08,0.047,,,29,,
11/11/2016,5.0,6.8,3.9,87.6,2.2,6.2,21.5,977.3,11.72,17.4,-18.5,2.31,0.037,,,20,,
11/12/2016,3.3,5.3,2.0,76.5,1.3,3.2,210.7,986.9,0.08,36.7,-4.1,2.97,0.045,,,8,,
11/13/2016,2.6,6.5,0.9,76.2,1.5,4.6,50.0,988.3,0.13,48.7,-16.2,3.48,0.052,,,7,,
11/14/2016,0.6,2.3,-0.7,69.0,1.8,4.0,212.8,994.8,0.22,51.9,-9.0,3.65,0.050,,,17,,
11/15/2016,4.2,7.4,0.8,71.2,1.6,5.3,239.8,992.6,0.87,26.3,2.3,2.72,0.045,,,13,,
11/16/2016,9.9,11.8,7.3,88.4,1.8,5.1,225.4,984.4,2.97,14.7,-16.2,2.16,0.042,,,10,,
11/17/2016,11.3,14.3,9.4,71.6,3.0,6.5,240.4,975.8,0.00,51.3,-7.5,2.79,0.047,,,28,,
11/18/2016,10.6,15.6,8.0,73.1,2.8,7.8,233.1,969.6,3.34,31.7,-35.9,2.33,0.039,,,35,,
11/19/2016,6.9,8.4,4.3,78.2,1.6,4.2,223.7,973.8,1.17,20.9,-26.6,2.16,0.034,,,27,,
11/20/2016,9.0,17.1,4.1,58.8,1.2,7.0,216.2,970.0,0.01,75.6,-13.8,3.60,0.057,,,13,,
11/21/2016,9.2,12.8,5.0,66.3,1.0,2.6,108.5,968.0,0.00,24.7,-11.2,2.60,0.050,,,4,,
11/22/2016,10.8,13.0,8.8,76.5,1.0,2.2,205.4,975.2,0.00,21.8,-13.5,2.48,0.049,,,4,,
11/23/2016,8.9,11.5,7.2,86.1,1.1,2.6,207.7,979.6,0.00,20.1,-18.0,2.50,0.048,,,3,,
11/24/2016,7.3,10.0,4.5,84.4,1.9,4.8,66.0,979.7,0.00,33.4,-11.2,3.04,0.053,,,4,,
11/25/2016,8.7,9.9,7.7,72.7,2.4,6.6,70.2,980.0,0.00,11.9,-3.2,2.31,0.046,,,13,,
11/26/2016,8.3,9.8,7.3,80.5,1.3,2.8,248.3,980.8,0.00,7.8,-9.2,1.84,0.035,,,7,,
11/27/2016,7.0,9.7,4.3,78.0,1.7,4.3,27.8,981.8,0.00,35.5,-9.9,2.62,0.043,,,13,,
11/28/2016,2.0,4.4,-0.4,63.8,2.0,6.7,34.5,988.8,0.00,68.5,-42.4,3.48,0.045,,,12,,
11/29/2016,0.4,4.9,-2.3,53.0,1.6,4.2,220.2,994.9,0.00,66.6,-45.3,3.51,0.046,,,10,,
11/30/2016,0.5,6.4,-3.2,61.7,1.4,3.9,214.3,995.7,0.00,61.3,-33.0,3.38,0.045,,,3,,
12/1/2016,3.3,8.4,-0.6,61.6,1.5,6.1,238.9,991.0,0.00,51.0,-15.9,3.13,0.045,,,10,,
12/2/2016,5.7,7.8,3.9,77.1,1.5,4.3,29.0,985.5,0.08,15.0,-7.0,2.21,0.037,,,19,,
12/3/2016,3.1,6.6,-0.8,66.8,1.7,3.9,135.2,986.2,0.00,64.4,-37.6,3.55,0.052,,,10,,
12/4/2016,-0.4,2.4,-3.5,78.3,1.3,3.1,144.6,989.5,0.00,27.6,-18.8,3.06,0.043,,,8,,
12/5/2016,1.0,5.9,-1.9,77.8,1.1,2.9,16.3,990.4,0.00,61.9,-36.2,3.53,0.050,,,4,,
12/6/2016,-0.7,3.9,-2.8,89.0,1.2,2.9,37.6,994.1,0.00,50.3,-19.7,3.29,0.046,,,3,,
12/7/2016,0.1,4.4,-2.8,85.2,1.1,3.3,25.5,997.0,0.00,59.4,-15.2,3.48,0.049,,,3,47,
12/8/2016,2.8,9.0,-1.5,73.8,1.0,3.6,142.9,996.1,0.00,56.2,-28.5,3.45,0.054,,,3,46,
12/9/2016,5.3,10.1,0.4,62.3,0.8,2.3,202.3,994.5,0.00,35.9,-7.6,2.64,0.041,,,3,56,
12/10/2016,4.9,11.7,1.6,65.5,1.4,3.4,209.8,989.8,0.00,55.3,-36.9,3.27,0.052,,,2,29,
12/11/2016,5.9,9.3,1.0,75.6,2.4,5.8,231.1,986.0,0.38,20.8,-20.5,2.95,0.056,,,24,7,
12/12/2016,6.6,9.9,2.8,78.2,1.6,4.0,191.5,989.1,0.15,27.1,-17.5,3.02,0.056,,,19,13,
12/13/2016,3.9,7.7,0.4,79.8,1.1,2.7,231.3,989.4,0.02,38.8,-17.9,2.89,0.043,,,3,37,
12/14/2016,6.5,10.8,2.6,73.8,1.2,3.4,213.0,988.0,0.00,27.8,-17.6,2.58,0.041,,,2,36,
12/15/2016,4.2,9.4,1.9,83.8,1.3,3.6,136.1,989.6,0.10,47.1,-31.7,3.06,0.043,,,3,28,
12/16/2016,3.6,6.5,0.7,76.5,1.3,4.4,213.3,993.0,0.00,31.3,-11.5,2.49,0.033,,,10,,
12/17/2016,1.5,4.7,-1.5,81.9,1.2,2.6,329.2,1000.1,0.10,27.1,-17.5,2.55,0.032,,,3,24,
12/18/2016,3.0,4.3,1.8,89.9,1.1,3.0,24.9,997.8,0.17,9.3,-12.1,2.12,0.034,,,4,14,
12/19/2016,3.4,4.5,1.8,79.7,1.8,5.6,109.5,989.9,0.00,11.1,-14.7,1.99,0.029,,,6,11,
12/20/2016,1.3,4.5,-0.8,79.4,1.2,4.0,214.1,986.4,0.03,38.5,-35.2,3.14,0.043,,,4,22,
12/21/2016,-0.4,3.0,-2.1,87.4,1.3,2.8,203.0,992.2,0.04,48.1,-23.6,3.36,0.047,,,3,44,
12/22/2016,1.5,7.1,-2.1,81.3,1.0,2.4,17.5,994.1,1.97,52.3,-22.5,3.01,0.038,,,3,39,
12/23/2016,5.5,8.6,3.4,89.2,1.0,3.3,237.2,997.0,0.28,28.6,1.6,3.62,0.070,,,3,19,
12/24/2016,7.5,9.5,5.9,71.8,2.5,6.2,235.5,993.1,0.00,16.9,-17.3,4.05,0.091,,,32,4,
12/25/2016,8.8,11.0,7.5,63.4,2.3,6.8,217.1,992.6,0.00,15.5,-6.0,1.86,0.030,,,43,9,
12/26/2016,8.3,11.8,3.8,77.2,1.7,6.9,230.2,993.9,2.25,30.2,-11.9,2.31,0.035,,,21,8,
12/27/2016,3.6,6.5,1.3,74.0,2.0,6.0,234.3,1003.7,0.02,36.4,-27.3,2.70,0.035,,,22,11,
12/28/2016,3.3,6.0,1.1,75.5,1.5,3.3,219.3,1006.0,0.00,31.7,-18.4,2.62,0.037,,,8,19,
12/29/2016,1.8,7.8,-1.4,78.8,1.4,4.0,208.3,1002.2,0.07,55.7,-44.4,3.12,0.040,,,3,17,
12/30/2016,-0.2,5.1,-3.0,83.5,1.5,2.9,205.3,1000.5,0.05,60.9,-44.8,3.21,0.041,,,3,22,
12/31/2016,-1.7,4.4,-5.1,80.0,1.3,2.9,37.1,996.1,0.00,65.6,-38.6,3.32,0.042,,,3,39,
